"user","chat","state"
693030542,693030542,"ApplicationSubmission:user_initials"
245961900,245961900,"UserState:in_active"
408524889,408524889,"UserState:in_active"
850512761,850512761,"UserState:in_active"
931611739,931611739,"UserState:in_active"
479036037,479036037,"UserState:in_active"
452647583,452647583,"UserState:in_active"
809691999,809691999,"UserState:in_active"
552574178,552574178,"UserState:in_active"
740142002,740142002,"UserState:in_active"
1110388277,1110388277,"UserState:in_active"
761493593,761493593,"UserState:in_active"
768759916,768759916,"UserState:in_active"
5583013175,5583013175,"UserState:in_active"
791160917,791160917,"UserState:in_active"
517154599,517154599,"UserState:in_active"
840380591,840380591,"UserState:in_active"
365585169,365585169,"UserState:in_active"
753366106,753366106,"UserState:in_active"
979353919,979353919,"UserState:in_active"
5266182167,5266182167,"UserState:in_active"
1535853897,1535853897,"UserState:in_active"
774097707,774097707,"UserState:in_active"
1130245307,1130245307,"UserState:in_active"
5799598774,5799598774,"UserState:in_active"
1225305929,1225305929,"UserState:in_active"
1387773671,1387773671,"UserState:in_active"
746664360,746664360,"UserState:in_active"
1019737485,1019737485,"UserState:in_active"
1126502310,1126502310,"UserState:in_active"
1619306377,1619306377,"UserState:in_active"
785422208,785422208,"UserState:in_active"
1688833286,1688833286,"UserState:in_active"
1147999326,1147999326,"UserState:in_active"
5095591691,5095591691,"UserState:in_active"
5101088417,5101088417,"UserState:in_active"
5124347679,5124347679,"UserState:in_active"
1458989435,1458989435,"UserState:in_active"
5207107725,5207107725,"UserState:in_active"
5147498731,5147498731,"UserState:in_active"
1499636883,1499636883,"UserState:in_active"
5377231472,5377231472,"UserState:in_active"
5416782436,5416782436,"UserState:in_active"
5577684669,5577684669,"UserState:in_active"
942266011,942266011,"UserState:in_active"
5489771264,5489771264,"UserState:in_active"
2042231885,2042231885,"ApplicationSubmission:user_initials"
5292556239,5292556239,"ApplicationSubmission:select_mode"
6106377219,6106377219,"UserState:is_guest"
1898052631,1898052631,"ApplicationSubmission:user_state_number"
5151839157,5151839157,"UserState:in_active"
5955707709,5955707709,"ApplicationSubmission:user_initials"
1291942039,1291942039,"UserState:in_active"
415242194,415242194,"UserState:in_active"
720436821,720436821,"UserState:in_active"
1749600719,1749600719,"UserState:in_active"
5195433855,5195433855,"UserState:in_active"
2074708631,2074708631,"UserState:in_active"
1299680937,1299680937,"UserState:in_active"
490204203,490204203,"UserState:in_active"
1499444142,1499444142,"UserState:in_active"
331732440,331732440,"UserState:in_active"
541842024,541842024,"UserState:is_guest"
5536434183,5536434183,"UserState:in_active"
5288673453,5288673453,"UserState:in_active"
427699001,427699001,"UserState:in_active"
469895799,469895799,"UserState:in_active"
5238994183,5238994183,"UserState:in_active"
1637708423,1637708423,"UserState:in_active"
1103168324,1103168324,"UserState:in_active"
1153529765,1153529765,"UserState:is_guest"
5850085859,5850085859,"UserState:is_guest"
834865678,834865678,"Admins:auto_add_state"
603136495,603136495,"UserState:in_active"
163923332,163923332,"UserState:in_active"
837196718,837196718,"ApplicationSubmission:select_mode"
5841680132,5841680132,"ApplicationSubmission:user_initials"
5654503925,5654503925,"ApplicationSubmission:user_email"
1294865508,1294865508,"ApplicationSubmission:select_mode"
665722525,665722525,"Admins:add_menu_state"
5151850287,5151850287,"ApplicationSubmission:user_state_number"
191390651,191390651,"UserState:in_active"
953371377,953371377,"UserState:in_active"
1703776173,1703776173,"UserState:in_active"
5925624081,5925624081,"ApplicationSubmission:select_mode"
1112760211,1112760211,"UserState:in_active"
1078837711,1078837711,"UserState:in_active"
862027267,862027267,"UserState:in_active"
682346534,682346534,"ApplicationSubmission:user_initials"
902612902,902612902,"UserState:in_active"
5273682340,5273682340,"UserState:in_active"
855809616,855809616,"UserState:in_active"
476571353,476571353,"UserState:in_active"
1416399275,1416399275,"UserState:in_active"
718944986,718944986,"UserState:in_active"
